time,open,high,low,close
1728567000,214.81,214.81,211.47,212.84
1728653400,215.67,224.6299,215.16,222.29
1728912600,223.2,223.7,218.88,221.48
1728999000,223.66,225.45,221.82,222.39
1729085400,222.33,223.68,221.04,223.64
1729171800,224.27,225.85,223.31,224.42
1729258200,225,225.92,223.1,225.37
1729517400,225.22,225.7,222.9,223
1729603800,223.02,225.28,221.1,224.12
1729690200,223.66,224.7999,222.53,223.41
1729776600,221.83,225.06,221.66,224.98
1729863000,225,225.62,220.875,222.31
1730122200,223.35,225.64,222.95,225.5
1730208600,225.21,226.75,222.81,222.9
1730295000,222.54,226.31,221.58,224.41
1730381400,224.7,225.69,221.82,221.92
1730467800,223.56,226.15,222.7,222.94
1730730600,222.65,223.76,219.17,219.78
1730817000,220.03,221.96,220,221.49
1730903400,235,248,234.77,247.06
1730989800,244.5,244.57,235.22,236.38
1731076200,239.34,239.34,235.78,236.98
1731335400,240,242.1,239,239.29
1731421800,240.55,241.46,238.76,239.56
1731508200,240.58,244.09,240.31,241.16
1731594600,242.415,244.29,241.05,241.87
1731681000,241.46,246.42,241.46,245.31
1731940200,247.76,247.93,242.68,245.03
1732026600,242.25,245.1509,241.55,243.09
1732113000,244.4,244.61,238.64,240.78
1732199400,243.23,245.49,242.105,244.76
1732285800,243.61,249.15,243.0347,248.55
1732545000,249.59,254.31,249.06,250.29
1732631400,250.49,251,248.34,249.97
1732717800,249.35,251.19,248.771,249.79
1732890600,249.86,251.77,249.445,249.72
1733149800,249.55,250.25,245.03,246.25
1733236200,248.23,249.04,244.63,244.82
1733322600,244.7,245.345,242.23,243.4
1733409000,245.39,247.18,244.62,245.48
1733495400,245.7,247.74,244.84,247.36
1733754600,247.13,247.8699,243.76,243.81
1733841000,243.89,247.96,242.22,242.86
1733927400,244,244.27,242.18,243.53
1734013800,243,244.1,241.04,241.53
1734100200,242.07,242.715,239.1437,239.94
1734359400,240.61,240.67,237.52,239.58
1734445800,238.65,239.02,236.63,238.36
1734532200,239,239.07,229.53,230.37
1734618600,232.27,236.36,232.27,232.96
1734705000,231.92,239.21,231.5877,237.6
1734964200,236.07,238.62,234.88,238.39
1735050600,239.43,242.4922,239.07,242.31
1735223400,241.43,243.26,240.79,243.14
1735309800,242.72,243.39,240.04,241.17
1735569000,238.77,240.84,237.11,239.32
1735655400,240.05,241.4393,239.03,239.71
1735828200,240.92,243.276,239.45,240
1735914600,243.89,244.88,240.26,243.28
1736173800,243.695,245.69,240.58,240.85
1736260200,242.14,245.26,240.9,243.17
1736346600,242.75,244.25,240.5,243.13
1736519400,243.09,243.81,238.74,239.87
1736778600,239.67,244.54,239,244.21
1736865000,242.66,247.72,242.19,247.47
1736951400,250.4,253.6699,243.68,252.35
1737037800,254,257.035,252.33,254.27
1737124200,254.14,260.62,252.14,259.16
1737469800,260.07,264.25,259.5037,263.03
1737556200,262.9,263.38,260.25,262.84
1737642600,264.69,266.8599,263.81,265.95
1737729000,263.69,267.1,263.01,264.84
1737988200,264.17,265.97,262.26,265.9
1738074600,265.85,267.33,264.8301,267.14
1738161000,267.21,270.68,265.61,266.58
1738247400,268.63,269.7,266.6201,268.23
1738333800,269.23,270.82,266.96,267.3
1738593000,261.83,268.165,261.7009,266.81
1738679400,269.84,269.84,266.83,267.94
1738765800,268.91,270.64,268.33,270.43
1738852200,272.45,276.98,271.19,276.9
1738938600,277.27,278.55,274.715,275.8
1739197800,276.15,276.18,269.59,271.04
1739284200,270.26,276.22,269.66,274.99
1739370600,274.08,276.45,273.25,275.45
1739457000,275.5,276.97,273.81,276.32
1739543400,277.37,279.2334,276.45,276.59
1739889000,276.76,279.97,276.02,279.95
1739975400,278.38,280.25,277.22,279.25
1740061800,278.675,278.74,265.735,266.8
1740148200,268.32,269.1955,262.84,264.24
1740407400,265.49,267,258.61,261.34
1740493800,262.23,263,253.35,257.4
1740580200,257.16,260.9115,256.93,258.79
1740666600,260.18,263.64,257.86,259.05
1740753000,260.73,264.81,257.89,264.65
1741012200,264,266.32,257.82,260.62
1741098600,255.28,257.23,245.95,250.25
1741185000,251.25,253.05,247.83,251.53
1741271400,248.11,249.36,243.85,246.54
1741357800,245.23,246.72,239.42,242.28
1741613400,236.21,237.51,228.695,232.22
1741699800,231.745,233.32,226.69,229.14
1741786200,234,234.32,227.26,227.9
1741872600,229.3,229.5,224.23,225.19
1741959000,228.12,233.143,227.58,232.44
1742218200,231.18,235.6695,230.455,233.93
1742304600,234.32,236.17,233.52,234.97
1742391000,235.74,242.33,234.89,239.11
1742477400,236.56,241.76,236.2,239.01
1742563800,237.81,242.3,236.5,241.63
1742823000,245.48,248.69,244.41,248.06
1742909400,249.31,251.82,247.6247,251.13
1742995800,252.6,254.67,249.78,251.03
1743082200,249.525,250.64,247.18,248.12
1743168600,246.94,249.505,241.11,242.85
1743427800,239.41,245.86,237.3643,245.3
1743514200,242.62,245.69,240.8818,243.66
1743600600,241.6,247.245,241.46,245.82
1743687000,234.27,235.14,227.3,228.69
1743773400,215.305,217.7,208.93,210.28
1744032600,205.77,222.053,202.16,214.44
1744119000,223.52,227.8378,213.25,216.87
1744205400,212.5,237.48,211,234.34
1744291800,230,230.3499,220.1,227.11
1744378200,226.31,238.575,225,236.2
1744637400,237.1,239.78,233.6301,234.72
1744723800,236.1,238.65,232.82,233.13
1744810200,232,233.58,227.93,229.61
1744896600,230.8,234.34,230.55,231.96
1745242200,230.63,231.81,226.336,228.99
1745328600,231.98,235.99,231.37,235.59
1745415000,240.22,246.79,240,240.84
1745501400,239.74,245.4695,237.58,244.64
1745587800,244.65,245.62,241.75,243.55
1745847000,244.56,246.8437,240.84,243.22
1745933400,242.19,245.25,241.69,244.62
1746019800,241.21,245.22,238.43,244.62
1746106200,242.84,248.45,242.17,246.89
1746192600,251.26,253.6187,249.4629,252.51
1746451800,251.18,255.16,250.5901,252.56
1746538200,250,252.65,249,249.25
1746624600,249.85,252.45,248.83,249.39
1746711000,251.57,255.88,251.55,253.47
1746797400,254.5,255.51,252.34,253.08
1747056600,262.9,263.6,258.7,260.05
1747143000,261.03,263.67,260.39,263.01
1747229400,263,266.64,262.29,265.64
1747315800,266.97,269.52,264.76,267.49
1747402200,267.5,268.4593,264.71,267.56
1747661400,265.55,268.32,261.93,264.88
1747747800,262.52,266.66,262.3,265.68
1747834200,264.35,265.65,260.7263,261.04
1747920600,259.44,262.3,258.8687,260.67
1748007000,256.81,261.99,256.0001,260.71
1748352600,262.04,265.3,261.99,265.29
1748439000,266.24,266.72,262.9,263.49
1748525400,264.8,265.4099,262.53,264.37
1748611800,263.45,265.33,262.725,264
1748871000,263.02,265.03,261.9,264.66
1748957400,263.73,266.58,262.88,266.27
1749043800,265.92,267.12,264.18,264.22
1749130200,264.74,264.74,260.31,261.95
1749216600,264.33,266.65,264.26,265.73
1749475800,266,267.9,263.35,266.74
1749562200,265.88,268.9,265.85,268.6
1749648600,268.68,269.6199,265.7862,268.15
1749735000,266.86,268.29,265.14,268.24
1749821400,265.08,267.02,262.71,264.95
1750080600,267,271.73,266.85,270.36
1750167000,268.17,270.59,267.8,269.52
1750253400,270,277.72,269.72,273.96
1750426200,275.57,277.3,273.8119,275
1750685400,275.06,278.55,272.1128,278.27
1750771800,280.21,282.715,279.51,281.26
1750858200,281.5,284.28,280.91,284.06
1750944600,284.7,289.41,284.47,288.75
1751031000,285.81,288.6962,285.04,287.11
1751290200,290.4,292.65,288.92,289.91
1751376600,290.89,291.13,286.59,290.41
1751463000,292.04,292.822,289.7,292
1751549400,292.15,296.4,291.21,296
1751895000,295.25,296.04,290.08,291.97
1751981400,289.275,289.7,280.31,282.78
1752067800,287.18,287.195,282.48,283.16
1752154200,283,288.31,283,288.19
1752240600,285.52,287.38,283.655,286.86
1752499800,287.07,289.3,285.2556,288.7
1752586200,288,291.95,285.48,286.55
1752672600,288.4,290.73,283.01,285.82
1752759000,283.44,290.2965,283.44,289.9
1752845400,289.52,292.5,288.23,291.27
1753104600,291,294.18,290.58,290.97
1753191000,291.5,293.625,289.18,291.43
1753277400,292.84,296.99,292.55,296.76
1753363800,297.42,299.5899,296.2,296.55
1753450200,296.7,298.9,295.955,298.62
1753709400,297.66,299.43,296.82,298.28
1753795800,300,301.2931,296.2,297.04
1753882200,297.42,300.61,297.38,299.63
1753968600,299.14,300.975,295.5,296.24
1754055000,290.4,291.795,284.2376,289.37
1754314200,290.26,294.32,290.26,294.26
1754400600,294.69,295.785,287.24,291.37
1754487000,292.3,293.29,290.16,291.35
1754573400,292.94,293.46,286.41,286.94
1754659800,288.98,291.23,284.706,288.76
1754919000,289.4,291.32,288.78,289.56
1755005400,291.5,294.75,290.34,292.85
1755091800,293.95,294.55,287.16,290.53
1755178200,290.58,294.2,289.6391,294.16
1755264600,294.84,295.5,289.82,290.49
1755523800,290,291.9,288.41,291.53
1755610200,290.83,292.48,289.53,290.66
1755696600,290.81,293.33,287.27,292.24
1755783000,291.94,292.7661,289.4725,291.47
1755869400,293.2,297.16,290.13,296.24
1756128600,296.24,297.3475,294.14,294.9
1756215000,294.16,298.74,293.5001,298.57
1756301400,297.25,301.07,297.04,299.28
1756387800,300.025,301.2399,298.7,301.07
1756474200,302.04,302.95,299.73,301.42
1756819800,300.26,300.455,294.5,299.7
1756906200,300.57,300.57,296.38,299.51
1756992600,300,304.43,298.28,303.82
1757079000,303.65,305.15,294.31,294.38
1757338200,294.89,296.46,291.44,292.91
1757424600,292.6,299,292.31,297.85
1757511000,296.7,301.54,295.4,300.54
1757597400,301.24,305.73,300.7925,305.56
1757683800,305,307.55,303.695,306.91
1757943000,307.17,309.95,307.17,308.9
1758029400,310,310.9,307.1347,309.19
1758115800,310.39,312.91,308.7722,311.75
1758202200,311.79,313.44,309.61,313.23
1758288600,313.6,315.8,309.12,314.78
1758547800,309.8,313.7,309.555,312.44
1758634200,311.815,316.3141,310.58,312.74
1758720600,314.05,316.5773,311.665,313.42
1758807000,314.12,315.65,311.8,313.45
1758893400,314.9,317.81,313.704,316.06
1759152600,317.06,318.01,313.66,315.69
1759239000,316.25,317.41,310.11,315.43
1759325400,313.97,314.59,307.41,310.71
1759411800,310,310.56,306.14,307.55
1759498200,308.51,311.66,308.21,310.03
1759757400,310.18,311.7474,305.1301,309.18
1759843800,309.35,310.01,304.7,307.69
1759930200,308.21,308.7832,303.55,304.03
1760016600,305.05,308.035,303.3947,305.53
1760103000,305.66,310.47,300.81,300.89
1760362200,305.6,309.46,305.45,307.97
1760448600,305.84,307,294.21,302.08
1760535000,306.39,312.1199,305.44,305.69
1760621400,305.35,308.6799,297.07,298.54
1760707800,299.16,299.55,294.2,297.56
1760967000,298.5,303.69,298.1601,302.36
1761053400,301.66,304.05,297,297.09
1761139800,297.77,298.0599,290.5448,294.11
1761226200,294.38,296.3699,292.51,294.54
1761312600,296.08,302.6,295.45,300.44
1761571800,302.16,304.53,301.01,304.15
1761658200,304.86,307.9674,303.16,305.36
1761744600,303.51,308.245,303.01,305.51
1761831000,305.79,312.61,305.1,309.44
1761917400,308.54,312.87,307.25,311.12
1762180200,311,312.32,306.21,309.35
1762266600,306.71,312.22,305.1,309.25
1762353000,309.61,313.1,305.63,311.68
1762439400,310.99,314.84,310.26,313.42
1762525800,311.89,314.43,307.642,314.21
1762785000,315,319.555,314.21,316.89
1762871400,317.5,319.05,315.28,315.62
1762957800,316.26,322.25,316.21,320.41
1763044200,319.23,320.6325,309.1,309.48
1763130600,307.51,307.64,301.23,303.61
1763389800,304,305.59,297.6714,300.37
1763476200,299.5,302.945,297.02,299.41
1763562600,299.74,304.4499,299.265,303.27
1763649000,306.34,309.92,298.16,298.38
1763735400,301.29,301.68,292.8101,298.02
1763994600,298.24,299.82,294.51,298
1764081000,300.05,304.5,295.56,303
1764167400,305,308.525,303.2,307.64
1764340200,309.1,313.72,308.24,313.08
1764599400,312.95,314.04,308.54,308.92
1764685800,308.74,310.48,307.09,307.88
1764772200,307.2,312.36,306.8,312.13
1764858600,313.26,318.49,313,316.1
1764945000,315.64,318.48,314.68,315.04
1765204200,315.06,316.47,313.3501,315.21
1765290600,314.95,318.8,300.02,300.51
1765377000,300.5,311.19,298.46,310.11
1765463400,309.24,318,309.24,317.38
1765549800,319.68,320.27,316.6013,318.52
1765809000,319.59,322.88,318.39,320.02
1765895400,319.09,319.52,314.4,315.55
1765981800,318.43,319.37,314.66,314.98
1766068200,316,317.7,312.22,313
1766154600,313.79,318.56,313.19,317.21
1766413800,317.51,323.23,317.51,323.09
1766500200,323.61,327.78,323.09,325.93
1766586600,326.24,329.99,325.5014,329.17
1766759400,329.11,330.86,326.54,327.91
1767018600,327,327.77,323.53,323.75
1767105000,324.81,324.94,322.49,323.52
1767191400,324.34,324.875,322.04,322.22
1767364200,322.5,325.73,320.74,325.48
1767623400,325.5,337.25,325.19,334.04
1767709800,332.62,335.87,330.65,334.67
1767796200,331.14,332.1499,324.6,326.99
1767882600,326.39,331.4,325.65,329.79
1767969000,329.34,331.9,328.17,329.19
1768228200,321.884,326.02,321.23,324.49
1768314600,324.3,326.86,310.572,310.9
1768401000,308.2,311.76,306.12,307.87
1768487400,308.47,312.94,307.75,309.34
1768573800,310.35,317.21,310,312.47
1768919400,306.21,311.15,301.86,302.74
1769005800,303.425,305.4,301.15,302.04
1769092200,304.86,308.2,302.9,303.63
1769178600,302,302.37,296.51,297.72
1769437800,297.81,301.775,297.45,301.04
1769524200,301.33,301.97,298.15,300.31
1769610600,300.27,301.92,298.05,300.77
1769697000,302.4,306.83,302.215,306.42
1769783400,305.25,307.93,302.555,305.89
1770042600,304.46,309.3,301.37,308.14
1770129000,309.73,316.25,309.095,314.85
1770215400,314.405,319.305,314.405,317.27
1770301800,315,316.01,305.54,310.16
1770388200,314.71,324.245,314.71,322.4
1770647400,321.34,326.4,320.1149,322.1
1770733800,322.55,326.125,315.1201,318.24
1770820200,323.24,325.28,308.7301,310.82
1770906600,312.275,313.615,300.02,302.64
1770993000,298.52,304.29,296.52,302.55
1771338600,302.76,308.24,302.5,307.13
1771425000,308.46,312.28,307.22,308.78
1771511400,307.17,309.18,305.12,308.05
1771597800,308.4,311,305.68,310.79
1771857000,308.8,311,295.1,297.67
1771943400,296.82,299.75,291.38,297.3
1772029800,298.64,303.6599,297.01,303.3
1772116200,304.58,309.01,303.64,306.13
1772202600,300,302.95,294.45,300.3